"ID","Spørgsmål","Korrekt dokument","Bestemmelse","Fysisk PDF-side","Svar","Facitforklaring","Eventuelle nøgleord","Kontrolleret"
"S001","Københavns Kommune skal etablere fem nye offentligt tilgængelige parkeringspladser, hvor der skal opsættes fem ladestandere. Skal installationen i dette tilfælde beskyttes af en SPD?","DS/HD 60364","722.443.4","802","Ja.","Offentligt tilgængelige ladefaciliteter skal beskyttes mod transiente overspændinger med SPD.","SPD, overspændingsbeskyttelse, offentlig, parkeringsplads, ladestander, ladefacilitet","Ja, 29-09-2026"
"S002","I forbindelse med vedligeholdelse af en lysinstallation på et bytorv skal nogle af armaturerne udskiftes til nye klasse I-armaturer, der ikke er identiske med de oprindelige armaturer. Den oprindelige installation er ikke udført med RCD-beskyttelse. Skal der etableres RCD-beskyttelse foran denne lysinstallation?","BEK 1082","§ 74, stk. 1, nr. 3, jf. § 35, stk. 2","12","Ja.","Ikke-identiske klasse I-armaturer opfylder hverken nr. 1 eller nr. 2. Der skal derfor anvendes supplerende beskyttelse efter nr. 3; § 35, stk. 2 kræver en RCD med mærkeudløsestrøm på højst 30 mA. Hvis stk. 1 ikke opfyldes, behandles den berørte del som ny efter § 74, stk. 2.","bytorv, offentlig, lysinstallation, klasse I, armatur, udskiftning, ændring, RCD","Ja, 08-10-2026"
"S003","I en lavspændingstavle på en industrifabrik er forsyningskablet udført med koncentrisk PE-leder. Er der ved termineringen af kablet krav til opmærkningen af PE-lederen?","DS/HD 60364","514.3.Z5","230","Nej, der er ikke krav om opmærkning af koncentriske ledere i kabler.","Kravet om farveidentifikation eller opmærkning gælder ikke for koncentriske ledere, kabelkapper og lignende, når identifikation ikke er praktisk mulig.","industrifabrik, lavspændingstavle, koncentrisk leder, PE-leder, terminering, opmærkning","Ja, 29-09-2026"
"S004","I et kabelskab med klemmer beregnet til Cu-ledere skal der tilsluttes et Al-kabel. Hvordan skal denne tilslutning foretages?","Fællesregulativet","11.1","14","Tilslutningen skal foretages med Cu-ledere, som samles med Al-lederne i overgangsmuffer. Mufferne isoleres med krympeflex og placeres i rummet under sikringsholderne.","Kabelskabe uden egnede Al-klemmer kræver overgang fra aluminium til kobber før tilslutning til klemmerne.","kabelskab, aluminium, Al-leder, kobber, Cu-leder, klemme, overgangsmuffe, krympeflex","Ja, 29-09-2026"
"S005","Hvilke typer udstyr kan være nødvendige, så et elektrisk anlæg på over 1000 V a.c. fungerer sikkert og efter hensigten?","BEK 1114","§ 31","5","Nødvendigt overvågnings-, beskyttelses-, regulerings- og kontroludstyr.","Et elektrisk anlæg skal have det udstyr, der er nødvendigt for sikker og tilsigtet funktion.","over 1000 V AC, højspænding, overvågning, beskyttelse, regulering, kontroludstyr, sikker drift","Ja, 29-09-2026"
"S006","Under udførelse af arbejde på et elektrisk højspændingsanlæg opstår en uventet situation, og arbejdet indstilles. Hvem kan give tilladelse til, at arbejdet genoptages?","BEK 1608","§ 60","11","Holdlederen eller den sagkyndige, der leder proceduren på arbejdsstedet.","Arbejdet skal standses ved en uforudset situation, indtil holdlederen eller den sagkyndige på arbejdsstedet tillader fortsættelse.","højspændingsanlæg, uventet situation, uforudset situation, arbejde indstilles, genoptagelse, holdleder, sagkyndig","Ja, 29-09-2026"
"S007","Hvordan kan selektivitet mellem to smeltesikringer verificeres ved overbelastning?","DS/HD 60364","536.4.2.2.3","370","Ved at sammenligne sikringernes tid-strøm-karakteristikker.","Den efterkoblede sikrings totale funktionstid skal være kortere end den forkoblede sikrings forsmeltetid. For sammenlignelige gG-sikringer giver et mærkestrømsforhold på mindst 1,6:1 total selektivitet.","selektivitet, smeltesikring, overbelastning, tid-strøm-karakteristik, forsmeltetid, funktionstid, 1,6:1, gG","Ja, 29-09-2026"
"S008","Hvad skal minimumsafstanden i millimeter være mellem to elmålere?","Fællesregulativet","19.1","19","20 mm.","Den mindste afstand mellem to målere skal være 20 mm.","elmåler, måler, minimumsafstand, afstand, 20 mm","Ja, 29-09-2026"
"S009","Må brugsgenstanden tilsluttes en 32 A CEE-stikkontakt uden afbryder, når CEE stikkontakten ønskes anvendt som funktionsafbryder?","DS/HD 60364","Anneks E, tabel E.1, note e","407","Nej.","Stikpropper og stikkontakter må kun anvendes til funktionskobling ved mærkestrømme til og med 16 A. En 32 A CEE-stikkontakt kan derfor ikke anvendes som funktionsafbryder.","32 A, CEE, CEE-stikkontakt, brugsgenstand, funktionsafbryder, funktionskobling, afbryder","Ja, 29-09-2026"
"S010","I en nyopført kostald er der installeret en 32 A CEE-stikkontakt. Systemjordingen er udført som et TN-S jordingssystem. Hvordan skal fejlbeskyttelsen for denne stikkontakt være udført?","DS/HD 60364","705.411.1","611","Med en RCD med IΔn ≤ 30 mA.","Strømkredse til stikkontakter med mærkestrøm til og med 32 A i landbrugsområder skal fejlbeskyttes med en RCD med mærkeudløsestrøm højst 30 mA.","kostald, landbrug, 32 A, CEE-stikkontakt, TN-S, systemjording, fejlbeskyttelse, RCD, 30 mA","Ja, 29-09-2026"
"S011","En ældre bolig med tagsten udført i beton ønskes der etableret solcellemoduler på taget. Hvilken omgivelsestemperatur skal anvendes til dimensionering af kablerne imellem solcellemodulerne, når disse udsættes for direkte opvarmning på solcellemodulernes underside?","DS/HD 60364","712.523.101","708","Kablerne skal dimensioneres ved en omgivelsestemperatur på mindst 70 °C.","Kabler, der opvarmes direkte på undersiden af solcellemoduler, skal dimensioneres ud fra en omgivelsestemperatur på mindst 70 °C.","solcelle, solcellemodul, PV, kabeldimensionering, omgivelsestemperatur, direkte opvarmning, 70 °C","Ja, 29-09-2026"
"S012","Der skal udføres en fast elektrisk installation til effekt og belysning med kobber som ledermateriale. Hvilket minimumstværsnit skal anvendes til denne strømkreds?","DS/HD 60364","524.1, tabel 52.2","273","1,5 mm² kobber.","For kabler og isolerede kobberledere i faste effekt- og belysningskredse er minimumstværsnittet 1,5 mm².","fast installation, effekt, belysning, kobberleder, minimumstværsnit, 1,5 mm², tabel 52.2","Ja, 29-09-2026"
"S013","Hvordan foretages verifikation, når der kræves selektivitet mellem RCD'er?","DS/HD 60364","536.4.2.4.1","371","Ved skrivebordsundersøgelse, software, prøvning eller fabrikantens deklaration.","Verifikation kan ske ved skrivebordsundersøgelse med produktstandard og fabrikantoplysninger, software baseret på fabrikantoplysninger, prøvning efter relevant produktstandard eller fabrikantens deklaration. Bestemmelsen fortsætter på fysisk PDF-side 372.","selektivitet, RCD, RCD'er, skrivebordsundersøgelse, software, prøvning, produktstandard, fabrikantdeklaration","Ja, 29-09-2026"
"S014","Hvilken yderligere kvalifikation skal være opfyldt for at kunne blive godkendt som driftsansvarlig person, når personen kan opnå godkendelse som fagligt ansvarlig?","BEK 1608","§ 11, stk. 1, nr. 2","5","Personen skal kunne dokumentere relevant praktisk erfaring med drift af elektriske anlæg.","En person, der kan godkendes som fagligt ansvarlig, skal desuden dokumentere relevant praktisk erfaring med drift af elektriske anlæg for at kunne godkendes som driftsansvarlig person.","driftsansvarlig person, fagligt ansvarlig, kvalifikation, praktisk erfaring, drift, elektrisk anlæg, godkendelse","Ja, 29-09-2026"
"S015","Hvilke krav stilles til nedgravningsdybde og beskyttelse af kabler fremført i jord, hvis driftsspændingen overstiger 1000 V AC?","BEK 1114","§ 41","6","Kablerne skal nedgraves i mindst 0,7 m dybde og beskyttes af rør, U-profiler eller dækplader.","Kabler i jord ved spændinger over 1000 V AC skal ligge mindst 0,7 m under terræn og have mekanisk beskyttelse.","kabel i jord, nedgravningsdybde, over 1000 V AC, højspænding, mekanisk beskyttelse, rør, U-profil, dækplade","Ja, 29-09-2026"
